x,y
10.006242398572198,-97.27099777160464
-97.2172155852455,-93.1443216990151
-97.51535403217346,88.68335073390276
-59.4669790711269,98.03363394744392
-2.475475613884683,97.88590138120301
91.37708543117827,58.028594593330894
98.31734266859422,47.47486072421714
96.0783629636258,-42.91284612761794
87.49216553016555,-82.41249692305573
81.688516470678,-91.36933983955797
